flu_weekid,region,uid,date,natural_weekid,rate,monthid,flu_year
52,HK,1998-43,1998-10-25,43,0.53483269336259,10,1998
51,HK,1998-42,1998-10-18,42,0.368959506346103,10,1998
50,HK,1998-41,1998-10-11,41,0.426258973639434,10,1998
49,HK,1998-40,1998-10-04,40,1.18065408348294,10,1998
48,HK,1998-39,1998-09-27,39,0.690877170167109,9,1998
47,HK,1998-38,1998-09-20,38,1.55266667186562,9,1998
46,HK,1998-37,1998-09-13,37,1.93301568270962,9,1998
45,HK,1998-36,1998-09-06,36,2.47246860784416,9,1998
44,HK,1998-35,1998-08-30,35,4.26409954177701,8,1998
43,HK,1998-34,1998-08-23,34,2.92461797177744,8,1998
42,HK,1998-33,1998-08-16,33,4.43862940653697,8,1998
41,HK,1998-32,1998-08-09,32,7.003059798435,8,1998
40,HK,1998-31,1998-08-02,31,7.48766237449656,8,1998
39,HK,1998-30,1998-07-26,30,5.05350381683525,7,1998
38,HK,1998-29,1998-07-19,29,8.66999292096538,7,1998
37,HK,1998-28,1998-07-12,28,5.56004346197169,7,1998
36,HK,1998-27,1998-07-05,27,5.8007319518444,7,1998
35,HK,1998-26,1998-06-28,26,5.91679166930755,6,1998
34,HK,1998-25,1998-06-21,25,5.73504675662044,6,1998
33,HK,1998-24,1998-06-14,24,3.38870431893687,6,1998
32,HK,1998-23,1998-06-07,23,5.82731599616338,6,1998
31,HK,1998-22,1998-05-31,22,5.82685188768072,5,1998
30,HK,1998-21,1998-05-24,21,4.72351935835499,5,1998
29,HK,1998-20,1998-05-17,20,5.22185164036547,5,1998
28,HK,1998-19,1998-05-10,19,4.79747691779972,5,1998
27,HK,1998-18,1998-05-03,18,2.95081967213114,5,1998
26,HK,1998-17,1998-04-26,17,1.75776378149164,4,1998
25,HK,1998-16,1998-04-19,16,4.07533993318693,4,1998
24,HK,1998-15,1998-04-12,15,6.92496424888115,4,1998
23,HK,1998-14,1998-04-05,14,10.5405496203722,4,1998
22,HK,1998-13,1998-03-29,13,17.7296477769645,3,1998
21,HK,1998-12,1998-03-22,12,23.4875335791549,3,1998
20,HK,1998-11,1998-03-15,11,29.0034296225972,3,1998
19,HK,1998-10,1998-03-08,10,39.8765823156068,3,1998
18,HK,1998-9,1998-03-01,9,35.279681409961,3,1998
17,HK,1998-8,1998-02-22,8,24.8356092380635,2,1998
16,HK,1998-7,1998-02-15,7,20.3431255449518,2,1998
15,HK,1998-6,1998-02-08,6,14.209019894894,2,1998
14,HK,1998-5,1998-02-01,5,13.1137384480355,2,1998
13,HK,1998-4,1998-01-25,4,11.197445358948,1,1998
12,HK,1998-3,1998-01-18,3,6.55664213692885,1,1998
11,HK,1998-2,1998-01-11,2,5.67719988359607,1,1998
10,HK,1998-1,1998-01-04,1,8.95205911665178,1,1998
1,HK,1998-44,1998-11-01,44,0.05,11,1999
2,HK,1998-45,1998-11-08,45,0.200318175276458,11,1999
3,HK,1998-46,1998-11-15,46,0.404248076182286,11,1999
4,HK,1998-47,1998-11-22,47,0.41137669338251,11,1999
5,HK,1998-48,1998-11-29,48,0.424292246438028,11,1999
6,HK,1998-49,1998-12-06,49,0.894863685821493,12,1999
7,HK,1998-50,1998-12-13,50,0.691224208961744,12,1999
8,HK,1998-51,1998-12-20,51,0.376846043896989,12,1999
9,HK,1998-52,1998-12-27,52,0.714592267922781,12,1999
10,HK,1999-1,1999-01-03,52,5.96389426176659,1,1999
11,HK,1999-2,1999-01-10,1,10.5810147821593,1,1999
12,HK,1999-3,1999-01-17,2,16.9471946933602,1,1999
13,HK,1999-4,1999-01-24,3,35.9418772125559,1,1999
14,HK,1999-5,1999-01-31,4,41.4341403787205,1,1999
15,HK,1999-6,1999-02-07,5,36.8335452752217,2,1999
16,HK,1999-7,1999-02-14,6,25.2237087803605,2,1999
17,HK,1999-8,1999-02-21,7,25.5414606972088,2,1999
18,HK,1999-9,1999-02-28,8,4.31324821652735,2,1999
19,HK,1999-10,1999-03-07,9,4.12854335609617,3,1999
20,HK,1999-11,1999-03-14,10,4.00803100233529,3,1999
21,HK,1999-12,1999-03-21,11,6.15593736407136,3,1999
22,HK,1999-13,1999-03-28,12,5.89700996677738,3,1999
23,HK,1999-14,1999-04-04,13,2.73314377658753,4,1999
24,HK,1999-15,1999-04-11,14,5.30342819601091,4,1999
25,HK,1999-16,1999-04-18,15,3.80252570923462,4,1999
26,HK,1999-17,1999-04-25,16,5.12637716966294,4,1999
27,HK,1999-18,1999-05-02,17,3.95650565925803,5,1999
28,HK,1999-19,1999-05-09,18,1.58174217602531,5,1999
29,HK,1999-20,1999-05-16,19,2.38144238967454,5,1999
30,HK,1999-21,1999-05-23,20,2.79303384499836,5,1999
31,HK,1999-22,1999-05-30,21,3.98799460057564,5,1999
32,HK,1999-23,1999-06-06,22,1.88182193150971,6,1999
33,HK,1999-24,1999-06-13,23,1.86430127277666,6,1999
34,HK,1999-25,1999-06-20,24,3.87770024320071,6,1999
35,HK,1999-26,1999-06-27,25,3.53428215314148,6,1999
36,HK,1999-27,1999-07-04,26,4.85389124921938,7,1999
37,HK,1999-28,1999-07-11,27,9.35758582970674,7,1999
38,HK,1999-29,1999-07-18,28,9.61601694627945,7,1999
39,HK,1999-30,1999-07-25,29,8.69737928727486,7,1999
40,HK,1999-31,1999-08-01,30,6.19717623257995,8,1999
41,HK,1999-32,1999-08-08,31,8.5032354753607,8,1999
42,HK,1999-33,1999-08-15,32,7.48207658960558,8,1999
43,HK,1999-34,1999-08-22,33,3.91536760598294,8,1999
44,HK,1999-35,1999-08-29,34,5.07031095266388,8,1999
45,HK,1999-36,1999-09-05,35,6.7330125753894,9,1999
46,HK,1999-37,1999-09-12,36,7.0522394694262,9,1999
47,HK,1999-38,1999-09-19,37,4.1043696344169,9,1999
48,HK,1999-39,1999-09-26,38,4.13757765964261,9,1999
49,HK,1999-40,1999-10-03,39,2.10583010637014,10,1999
50,HK,1999-41,1999-10-10,40,2.33763003536853,10,1999
51,HK,1999-42,1999-10-17,41,1.80121836829029,10,1999
52,HK,1999-43,1999-10-24,42,1.24253678867765,10,1999
53,HK,1999-44,1999-10-31,43,0.647023057259551,10,1999
1,HK,1999-45,1999-11-07,44,1.8897756646101,11,2000
2,HK,1999-46,1999-11-14,45,0.905244050495645,11,2000
3,HK,1999-47,1999-11-21,46,0.376298792474024,11,2000
4,HK,1999-48,1999-11-28,47,0.741127494954026,11,2000
5,HK,1999-49,1999-12-05,48,0.41990494658918,12,2000
6,HK,1999-50,1999-12-12,49,1.77427221203814,12,2000
7,HK,1999-51,1999-12-19,50,2.20421505772396,12,2000
8,HK,1999-52,1999-12-26,51,3.62198907166741,12,2000
9,HK,2000-1,2000-01-02,52,8.11746822747718,1,2000
10,HK,2000-2,2000-01-09,1,14.4072517078297,1,2000
11,HK,2000-3,2000-01-16,2,19.9982428214086,1,2000
12,HK,2000-4,2000-01-23,3,27.711377095317,1,2000
13,HK,2000-5,2000-01-30,4,42.3416198877306,1,2000
14,HK,2000-6,2000-02-06,5,37.6811207945773,2,2000
15,HK,2000-7,2000-02-13,6,24.7537981887465,2,2000
16,HK,2000-8,2000-02-20,7,30.2874505879356,2,2000
17,HK,2000-9,2000-02-27,8,31.6756167096974,2,2000
18,HK,2000-10,2000-03-05,9,29.2982036764339,3,2000
19,HK,2000-11,2000-03-12,10,20.4549799273562,3,2000
20,HK,2000-12,2000-03-19,11,14.9749140711131,3,2000
21,HK,2000-13,2000-03-26,12,8.86915025244686,3,2000
22,HK,2000-14,2000-04-02,13,6.05387952779737,4,2000
23,HK,2000-15,2000-04-09,14,3.26941614832815,4,2000
24,HK,2000-16,2000-04-16,15,2.90288094367145,4,2000
25,HK,2000-17,2000-04-23,16,1.04168986344213,4,2000
26,HK,2000-18,2000-04-30,17,0.496223634521508,4,2000
27,HK,2000-19,2000-05-07,18,1.91172972599691,5,2000
28,HK,2000-20,2000-05-14,19,1.58858946384449,5,2000
29,HK,2000-21,2000-05-21,20,1.03233928405893,5,2000
30,HK,2000-22,2000-05-28,21,2.21815934584838,5,2000
31,HK,2000-23,2000-06-04,22,2.09670549325191,6,2000
32,HK,2000-24,2000-06-11,23,2.26866874368893,6,2000
33,HK,2000-25,2000-06-18,24,2.83472485569721,6,2000
34,HK,2000-26,2000-06-25,25,2.78745644599303,6,2000
35,HK,2000-27,2000-07-02,26,5.86110795131384,7,2000
36,HK,2000-28,2000-07-09,27,5.64608662223747,7,2000
37,HK,2000-29,2000-07-16,28,5.2550620648909,7,2000
38,HK,2000-30,2000-07-23,29,6.04972903061583,7,2000
39,HK,2000-31,2000-07-30,30,5.84160894600687,7,2000
40,HK,2000-32,2000-08-06,31,6.2253956056534,8,2000
41,HK,2000-33,2000-08-13,32,5.60464342489555,8,2000
42,HK,2000-34,2000-08-20,33,5.56062912227295,8,2000
43,HK,2000-35,2000-08-27,34,6.93090751570284,8,2000
44,HK,2000-36,2000-09-03,35,4.46821152703505,9,2000
45,HK,2000-37,2000-09-10,36,2.65387363478616,9,2000
46,HK,2000-38,2000-09-17,37,1.67230316016534,9,2000
47,HK,2000-39,2000-09-24,38,0.494101424850621,9,2000
48,HK,2000-40,2000-10-01,39,0.674853412988164,10,2000
49,HK,2000-41,2000-10-08,40,0.34627215716932,10,2000
50,HK,2000-42,2000-10-15,41,0.360970862766879,10,2000
51,HK,2000-43,2000-10-22,42,1.28233226329066,10,2000
52,HK,2000-44,2000-10-29,43,0.925159468276768,10,2000
1,HK,2000-45,2000-11-05,44,1.8007275250342,11,2001
2,HK,2000-46,2000-11-12,45,0.368126622781608,11,2001
3,HK,2000-47,2000-11-19,46,1.06671657153551,11,2001
4,HK,2000-48,2000-11-26,47,1.55118275521046,11,2001
5,HK,2000-49,2000-12-03,48,0.321345021722924,12,2001
6,HK,2000-50,2000-12-10,49,1.09851095718824,12,2001
7,HK,2000-51,2000-12-17,50,1.68389988592725,12,2001
8,HK,2000-52,2000-12-24,51,1.54363043818303,12,2001
9,HK,2000-53,2000-12-31,52,0.969016501585854,12,2001
10,HK,2001-1,2001-01-07,1,0.528701460957392,1,2001
11,HK,2001-2,2001-01-14,2,3.06927798889214,1,2001
12,HK,2001-3,2001-01-21,3,3.21989480705653,1,2001
13,HK,2001-4,2001-01-28,4,4.18965799039141,1,2001
14,HK,2001-5,2001-02-04,5,2.66779412727998,2,2001
15,HK,2001-6,2001-02-11,6,5.37976002314371,2,2001
16,HK,2001-7,2001-02-18,7,5.6295551646142,2,2001
17,HK,2001-8,2001-02-25,8,9.17649012362044,2,2001
18,HK,2001-9,2001-03-04,9,8.79260656087672,3,2001
19,HK,2001-10,2001-03-11,10,8.67792475775483,3,2001
20,HK,2001-11,2001-03-18,11,11.151216190819,3,2001
21,HK,2001-12,2001-03-25,12,11.1532254941196,3,2001
22,HK,2001-13,2001-04-01,13,8.38777131407328,4,2001
23,HK,2001-14,2001-04-08,14,8.85688762240768,4,2001
24,HK,2001-15,2001-04-15,15,7.18259217801294,4,2001
25,HK,2001-16,2001-04-22,16,6.25938108772716,4,2001
26,HK,2001-17,2001-04-29,17,8.61334122741003,4,2001
27,HK,2001-18,2001-05-06,18,10.7428680740048,5,2001
28,HK,2001-19,2001-05-13,19,9.94575045207954,5,2001
29,HK,2001-20,2001-05-20,20,10.9777230754158,5,2001
30,HK,2001-21,2001-05-27,21,11.9397690537109,5,2001
31,HK,2001-22,2001-06-03,22,10.4023007116624,6,2001
32,HK,2001-23,2001-06-10,23,9.12793568433599,6,2001
33,HK,2001-24,2001-06-17,24,9.65315556076946,6,2001
34,HK,2001-25,2001-06-24,25,9.89456246782025,6,2001
35,HK,2001-26,2001-07-01,26,7.35376963687871,7,2001
36,HK,2001-27,2001-07-08,27,8.61755273220673,7,2001
37,HK,2001-28,2001-07-15,28,8.82269381429988,7,2001
38,HK,2001-29,2001-07-22,29,8.04987125626781,7,2001
39,HK,2001-30,2001-07-29,30,8.29680772662037,7,2001
40,HK,2001-31,2001-08-05,31,9.06562455992112,8,2001
41,HK,2001-32,2001-08-12,32,10.8771511736769,8,2001
42,HK,2001-33,2001-08-19,33,7.20774481180464,8,2001
43,HK,2001-34,2001-08-26,34,5.08037412396114,8,2001
44,HK,2001-35,2001-09-02,35,4.79090087877412,9,2001
45,HK,2001-36,2001-09-09,36,1.5842539346247,9,2001
46,HK,2001-37,2001-09-16,37,2.90308193784734,9,2001
47,HK,2001-38,2001-09-23,38,1.82705609062198,9,2001
48,HK,2001-39,2001-09-30,39,0.491508148938399,9,2001
49,HK,2001-40,2001-10-07,40,0.739264240419684,10,2001
50,HK,2001-41,2001-10-14,41,0.426431836707211,10,2001
51,HK,2001-42,2001-10-21,42,0.233938732677168,10,2001
52,HK,2001-43,2001-10-28,43,0.05,10,2001
1,HK,2001-44,2001-11-04,44,0.21275129373762,11,2002
2,HK,2001-45,2001-11-11,45,0.05,11,2002
3,HK,2001-46,2001-11-18,46,0.179510216347486,11,2002
4,HK,2001-47,2001-11-25,47,0.81858370203553,11,2002
5,HK,2001-48,2001-12-02,48,0.378382050022274,12,2002
6,HK,2001-49,2001-12-09,49,0.214127332508755,12,2002
7,HK,2001-50,2001-12-16,50,0.677671115746833,12,2002
8,HK,2001-51,2001-12-23,51,0.720444137437,12,2002
9,HK,2001-52,2001-12-30,52,1.09729837323345,12,2002
10,HK,2002-1,2002-01-06,1,1.69968491689984,1,2002
11,HK,2002-2,2002-01-13,2,4.04661516382648,1,2002
12,HK,2002-3,2002-01-20,3,10.3061881536196,1,2002
13,HK,2002-4,2002-01-27,4,14.0960982837436,1,2002
14,HK,2002-5,2002-02-03,5,19.6654894099929,2,2002
15,HK,2002-6,2002-02-10,6,21.0580867828692,2,2002
16,HK,2002-7,2002-02-17,7,11.520737327189,2,2002
17,HK,2002-8,2002-02-24,8,10.5517488327789,2,2002
18,HK,2002-9,2002-03-03,9,12.2002137998632,3,2002
19,HK,2002-10,2002-03-10,10,9.1713036267061,3,2002
20,HK,2002-11,2002-03-17,11,8.49425460983689,3,2002
21,HK,2002-12,2002-03-24,12,14.679560432359,3,2002
22,HK,2002-13,2002-03-31,13,11.5756475159533,3,2002
23,HK,2002-14,2002-04-07,14,8.33803132361155,4,2002
24,HK,2002-15,2002-04-14,15,7.34453981640468,4,2002
25,HK,2002-16,2002-04-21,16,11.2327318423436,4,2002
26,HK,2002-17,2002-04-28,17,7.14476630234291,4,2002
27,HK,2002-18,2002-05-05,18,4.92486914777112,5,2002
28,HK,2002-19,2002-05-12,19,4.5507696653015,5,2002
29,HK,2002-20,2002-05-19,20,6.28974953223653,5,2002
30,HK,2002-21,2002-05-26,21,2.23046455424275,5,2002
31,HK,2002-22,2002-06-02,22,7.64766377791315,6,2002
32,HK,2002-23,2002-06-09,23,5.92532587706033,6,2002
33,HK,2002-24,2002-06-16,24,8.55340823385724,6,2002
34,HK,2002-25,2002-06-23,25,7.54388786375716,6,2002
35,HK,2002-26,2002-06-30,26,7.96342104221465,6,2002
36,HK,2002-27,2002-07-07,27,12.6787205398681,7,2002
37,HK,2002-28,2002-07-14,28,12.7878490935816,7,2002
38,HK,2002-29,2002-07-21,29,10.0057927892461,7,2002
39,HK,2002-30,2002-07-28,30,7.98044629853395,7,2002
40,HK,2002-31,2002-08-04,31,8.12716011360916,8,2002
41,HK,2002-32,2002-08-11,32,4.65080138310686,8,2002
42,HK,2002-33,2002-08-18,33,6.46409483260649,8,2002
43,HK,2002-34,2002-08-25,34,4.7800510562729,8,2002
44,HK,2002-35,2002-09-01,35,2.89185663967266,9,2002
45,HK,2002-36,2002-09-08,36,3.5097864079675,9,2002
46,HK,2002-37,2002-09-15,37,2.34222113502935,9,2002
47,HK,2002-38,2002-09-22,38,1.2630415619614,9,2002
48,HK,2002-39,2002-09-29,39,1.05077112065093,9,2002
49,HK,2002-40,2002-10-06,40,1.66656596781665,10,2002
50,HK,2002-41,2002-10-13,41,0.542718572445002,10,2002
51,HK,2002-42,2002-10-20,42,2.08792483470595,10,2002
52,HK,2002-43,2002-10-27,43,1.91197430066919,10,2002
1,HK,2002-44,2002-11-03,44,0.985908423704006,11,2003
2,HK,2002-45,2002-11-10,45,1.44201317732091,11,2003
3,HK,2002-46,2002-11-17,46,0.05,11,2003
4,HK,2002-47,2002-11-24,47,1.24945971763663,11,2003
5,HK,2002-48,2002-12-01,48,1.59725202442918,12,2003
6,HK,2002-49,2002-12-08,49,1.97921288639694,12,2003
7,HK,2002-50,2002-12-15,50,2.59867190050401,12,2003
8,HK,2002-51,2002-12-22,51,5.20023287999418,12,2003
9,HK,2002-52,2002-12-29,52,4.41053025955734,12,2003
10,HK,2003-1,2003-01-05,1,6.64755748002684,1,2003
11,HK,2003-2,2003-01-12,2,6.72329553819979,1,2003
12,HK,2003-3,2003-01-19,3,14.7823387910297,1,2003
13,HK,2003-4,2003-01-26,4,15.4055996393914,1,2003
14,HK,2003-5,2003-02-02,5,11.1680911680912,2,2003
15,HK,2003-6,2003-02-09,6,15.7467001502326,2,2003
16,HK,2003-7,2003-02-16,7,12.038710207785,2,2003
17,HK,2003-8,2003-02-23,8,17.1142898846884,2,2003
18,HK,2003-9,2003-03-02,9,12.8427357471124,3,2003
19,HK,2003-10,2003-03-09,10,14.5921494236101,3,2003
20,HK,2003-11,2003-03-16,11,12.1436145765431,3,2003
21,HK,2003-12,2003-03-23,12,7.71519488256172,3,2003
22,HK,2003-13,2003-03-30,13,5.80691007838362,3,2003
23,HK,2003-14,2003-04-06,14,2.32806761198465,4,2003
24,HK,2003-15,2003-04-13,15,1.13220742961068,4,2003
25,HK,2003-16,2003-04-20,16,0.404574672145597,4,2003
26,HK,2003-17,2003-04-27,17,0.808369293496619,4,2003
27,HK,2003-18,2003-05-04,18,0.0630599505583154,5,2003
28,HK,2003-19,2003-05-11,19,0.163357879172081,5,2003
29,HK,2003-20,2003-05-18,20,0.230051602735199,5,2003
30,HK,2003-21,2003-05-25,21,0.323283779481276,5,2003
31,HK,2003-22,2003-06-01,22,0.932394543765262,6,2003
32,HK,2003-23,2003-06-08,23,0.647319378529135,6,2003
33,HK,2003-24,2003-06-15,24,0.322868236431202,6,2003
34,HK,2003-25,2003-06-22,25,1.69881941184315,6,2003
35,HK,2003-26,2003-06-29,26,2.88115364346914,6,2003
36,HK,2003-27,2003-07-06,27,6.77477892675061,7,2003
37,HK,2003-28,2003-07-13,28,2.59535093658316,7,2003
38,HK,2003-29,2003-07-20,29,4.73133466007576,7,2003
39,HK,2003-30,2003-07-27,30,2.92828944514338,7,2003
40,HK,2003-31,2003-08-03,31,3.3899385882181,8,2003
41,HK,2003-32,2003-08-10,32,3.16729137897021,8,2003
42,HK,2003-33,2003-08-17,33,2.27656909362877,8,2003
43,HK,2003-34,2003-08-24,34,4.61052806468584,8,2003
44,HK,2003-35,2003-08-31,35,1.91734128674904,8,2003
45,HK,2003-36,2003-09-07,36,3.82841087297439,9,2003
46,HK,2003-37,2003-09-14,37,2.67171582236574,9,2003
47,HK,2003-38,2003-09-21,38,3.24134101612259,9,2003
48,HK,2003-39,2003-09-28,39,2.46276431548079,9,2003
49,HK,2003-40,2003-10-05,40,1.94891638677189,10,2003
50,HK,2003-41,2003-10-12,41,1.33947729313054,10,2003
51,HK,2003-42,2003-10-19,42,1.96232419986849,10,2003
52,HK,2003-43,2003-10-26,43,1.34259903324036,10,2003
1,HK,2003-44,2003-11-02,44,0.486550697280849,11,2004
2,HK,2003-45,2003-11-09,45,0.33276553759087,11,2004
3,HK,2003-46,2003-11-16,46,0.05,11,2004
4,HK,2003-47,2003-11-23,47,0.693481276005546,11,2004
5,HK,2003-48,2003-11-30,48,0.05,11,2004
6,HK,2003-49,2003-12-07,49,0.96875902570521,12,2004
7,HK,2003-50,2003-12-14,50,0.405542412977357,12,2004
8,HK,2003-51,2003-12-21,51,0.58343462406668,12,2004
9,HK,2003-52,2003-12-28,52,0.435826482331641,12,2004
10,HK,2004-1,2004-01-04,1,1.62012946089843,1,2004
11,HK,2004-2,2004-01-11,2,0.754107359672797,1,2004
12,HK,2004-3,2004-01-18,3,1.69677633214552,1,2004
13,HK,2004-4,2004-01-25,4,1.62411048142527,1,2004
14,HK,2004-5,2004-02-01,5,0.919363754934225,2,2004
15,HK,2004-6,2004-02-08,6,2.72368612017553,2,2004
16,HK,2004-7,2004-02-15,7,8.36831342159079,2,2004
17,HK,2004-8,2004-02-22,8,10.4809588671803,2,2004
18,HK,2004-9,2004-02-29,9,11.0275371279507,2,2004
19,HK,2004-10,2004-03-07,10,14.3268866265562,3,2004
20,HK,2004-11,2004-03-14,11,14.2936144486933,3,2004
21,HK,2004-12,2004-03-21,12,14.9924835985123,3,2004
22,HK,2004-13,2004-03-28,13,14.1521145410908,3,2004
23,HK,2004-14,2004-04-04,14,12.7477015032164,4,2004
24,HK,2004-15,2004-04-11,15,13.7208308256012,4,2004
25,HK,2004-16,2004-04-18,16,7.55042642480031,4,2004
26,HK,2004-17,2004-04-25,17,11.0906666087003,4,2004
27,HK,2004-18,2004-05-02,18,8.67914127873205,5,2004
28,HK,2004-19,2004-05-09,19,8.02196776816542,5,2004
29,HK,2004-20,2004-05-16,20,8.37876922475619,5,2004
30,HK,2004-21,2004-05-23,21,9.7089196909436,5,2004
31,HK,2004-22,2004-05-30,22,6.24907007885731,5,2004
32,HK,2004-23,2004-06-06,23,9.48838452457848,6,2004
33,HK,2004-24,2004-06-13,24,8.97762986478036,6,2004
34,HK,2004-25,2004-06-20,25,6.37693965247762,6,2004
35,HK,2004-26,2004-06-27,26,9.98587198554803,6,2004
36,HK,2004-27,2004-07-04,27,7.69311883320487,7,2004
37,HK,2004-28,2004-07-11,28,15.5344988656079,7,2004
38,HK,2004-29,2004-07-18,29,17.4283750992757,7,2004
39,HK,2004-30,2004-07-25,30,19.2485819420804,7,2004
40,HK,2004-31,2004-08-01,31,15.6375364800043,8,2004
41,HK,2004-32,2004-08-08,32,11.9422000078597,8,2004
42,HK,2004-33,2004-08-15,33,9.52545585684395,8,2004
43,HK,2004-34,2004-08-22,34,10.7573275365897,8,2004
44,HK,2004-35,2004-08-29,35,8.02199998311161,8,2004
45,HK,2004-36,2004-09-05,36,6.61619656946617,9,2004
46,HK,2004-37,2004-09-12,37,4.90022372708298,9,2004
47,HK,2004-38,2004-09-19,38,7.38219980918633,9,2004
48,HK,2004-39,2004-09-26,39,3.52175478816645,9,2004
49,HK,2004-40,2004-10-03,40,1.7887911892708,10,2004
50,HK,2004-41,2004-10-10,41,1.19244500398807,10,2004
51,HK,2004-42,2004-10-17,42,1.07161440503903,10,2004
52,HK,2004-43,2004-10-24,43,0.702247191011235,10,2004
53,HK,2004-44,2004-10-31,44,0.389103643391965,10,2004
1,HK,2004-45,2004-11-07,45,0.324492334686366,11,2005
2,HK,2004-46,2004-11-14,46,0.418020787195402,11,2005
3,HK,2004-47,2004-11-21,47,0.145828940895355,11,2005
4,HK,2004-48,2004-11-28,48,0.693093061072161,11,2005
5,HK,2004-49,2004-12-05,49,0.730812718899091,12,2005
6,HK,2004-50,2004-12-12,50,0.244890395001589,12,2005
7,HK,2004-51,2004-12-19,51,0.378464112673564,12,2005
8,HK,2004-52,2004-12-26,52,0.772647233138391,12,2005
9,HK,2005-1,2005-01-02,52,1.18553337302444,1,2005
10,HK,2005-2,2005-01-09,1,1.78866040048234,1,2005
11,HK,2005-3,2005-01-16,2,1.25981314262369,1,2005
12,HK,2005-4,2005-01-23,3,3.38213630760906,1,2005
13,HK,2005-5,2005-01-30,4,5.08239253084203,1,2005
14,HK,2005-6,2005-02-06,5,4.00646657763407,2,2005
15,HK,2005-7,2005-02-13,6,4.36678778319438,2,2005
16,HK,2005-8,2005-02-20,7,4.39519158527423,2,2005
17,HK,2005-9,2005-02-27,8,9.2319854168163,2,2005
18,HK,2005-10,2005-03-06,9,14.4263955444281,3,2005
19,HK,2005-11,2005-03-13,10,25.2134794885577,3,2005
20,HK,2005-12,2005-03-20,11,21.6775393498598,3,2005
21,HK,2005-13,2005-03-27,12,18.784046364831,3,2005
22,HK,2005-14,2005-04-03,13,16.2247140947815,4,2005
23,HK,2005-15,2005-04-10,14,18.2450724863236,4,2005
24,HK,2005-16,2005-04-17,15,12.4896586693709,4,2005
25,HK,2005-17,2005-04-24,16,15.6145284088109,4,2005
26,HK,2005-18,2005-05-01,17,19.0671644456558,5,2005
27,HK,2005-19,2005-05-08,18,26.8840566463935,5,2005
28,HK,2005-20,2005-05-15,19,29.3940671021516,5,2005
29,HK,2005-21,2005-05-22,20,34.7823374767541,5,2005
30,HK,2005-22,2005-05-29,21,33.279214713755,5,2005
31,HK,2005-23,2005-06-05,22,27.3984592003162,6,2005
32,HK,2005-24,2005-06-12,23,15.1976717633283,6,2005
33,HK,2005-25,2005-06-19,24,9.17378271859514,6,2005
34,HK,2005-26,2005-06-26,25,7.27750543285997,6,2005
35,HK,2005-27,2005-07-03,26,7.37778143792443,7,2005
36,HK,2005-28,2005-07-10,27,4.06430581415668,7,2005
37,HK,2005-29,2005-07-17,28,2.43602222465817,7,2005
38,HK,2005-30,2005-07-24,29,1.92394580466574,7,2005
39,HK,2005-31,2005-07-31,30,0.815289840469474,7,2005
40,HK,2005-32,2005-08-07,31,1.24545546123062,8,2005
41,HK,2005-33,2005-08-14,32,0.974602756851003,8,2005
42,HK,2005-34,2005-08-21,33,1.98630002551571,8,2005
43,HK,2005-35,2005-08-28,34,1.0457816893639,8,2005
44,HK,2005-36,2005-09-04,35,1.10979774100341,9,2005
45,HK,2005-37,2005-09-11,36,0.916686309944739,9,2005
46,HK,2005-38,2005-09-18,37,0.858236809786403,9,2005
47,HK,2005-39,2005-09-25,38,0.870326678873845,9,2005
48,HK,2005-40,2005-10-02,39,0.666585739324514,10,2005
49,HK,2005-41,2005-10-09,40,0.443836544223341,10,2005
50,HK,2005-42,2005-10-16,41,0.453313809478193,10,2005
51,HK,2005-43,2005-10-23,42,0.264379211747633,10,2005
52,HK,2005-44,2005-10-30,43,0.393581490935885,10,2005
1,HK,2005-45,2005-11-06,44,0.557128592997061,11,2006
2,HK,2005-46,2005-11-13,45,0.987495722852873,11,2006
3,HK,2005-47,2005-11-20,46,0.287320984138018,11,2006
4,HK,2005-48,2005-11-27,47,0.625653798256538,11,2006
5,HK,2005-49,2005-12-04,48,0.570216868800646,12,2006
6,HK,2005-50,2005-12-11,49,0.688525987432639,12,2006
7,HK,2005-51,2005-12-18,50,1.30085696064063,12,2006
8,HK,2005-52,2005-12-25,51,2.92107823499113,12,2006
9,HK,2005-53,2006-01-01,52,3.54802848922677,1,2006
10,HK,2006-1,2006-01-08,1,3.54256167378825,1,2006
11,HK,2006-2,2006-01-15,2,4.60317930197448,1,2006
12,HK,2006-3,2006-01-22,3,7.200159750556,1,2006
13,HK,2006-4,2006-01-29,4,6.93801756587202,1,2006
14,HK,2006-5,2006-02-05,5,6.05130824393532,2,2006
15,HK,2006-6,2006-02-12,6,8.9283438764879,2,2006
16,HK,2006-7,2006-02-19,7,9.62766756837992,2,2006
17,HK,2006-8,2006-02-26,8,12.4553505361979,2,2006
18,HK,2006-9,2006-03-05,9,11.4088064526711,3,2006
19,HK,2006-10,2006-03-12,10,14.2587512739827,3,2006
20,HK,2006-11,2006-03-19,11,11.3504980257589,3,2006
21,HK,2006-12,2006-03-26,12,8.7912363772304,3,2006
22,HK,2006-13,2006-04-02,13,7.19823455544324,4,2006
23,HK,2006-14,2006-04-09,14,5.10984110119016,4,2006
24,HK,2006-15,2006-04-16,15,3.92456100076629,4,2006
25,HK,2006-16,2006-04-23,16,3.37438396680674,4,2006
26,HK,2006-17,2006-04-30,17,3.41803236098758,4,2006
27,HK,2006-18,2006-05-07,18,4.445302686297,5,2006
28,HK,2006-19,2006-05-14,19,4.22427306908053,5,2006
29,HK,2006-20,2006-05-21,20,5.56347024035961,5,2006
30,HK,2006-21,2006-05-28,21,5.42166956039746,5,2006
31,HK,2006-22,2006-06-04,22,6.46247692510275,6,2006
32,HK,2006-23,2006-06-11,23,11.1244897278177,6,2006
33,HK,2006-24,2006-06-18,24,17.4482982316821,6,2006
34,HK,2006-25,2006-06-25,25,18.3615846173524,6,2006
35,HK,2006-26,2006-07-02,26,18.069094446882,7,2006
36,HK,2006-27,2006-07-09,27,10.9602952468234,7,2006
37,HK,2006-28,2006-07-16,28,9.04545582120793,7,2006
38,HK,2006-29,2006-07-23,29,7.03419679490344,7,2006
39,HK,2006-30,2006-07-30,30,4.14612064383734,7,2006
40,HK,2006-31,2006-08-06,31,3.29488712173945,8,2006
41,HK,2006-32,2006-08-13,32,2.45625874576978,8,2006
42,HK,2006-33,2006-08-20,33,1.56252297055778,8,2006
43,HK,2006-34,2006-08-27,34,1.02416998671979,8,2006
44,HK,2006-35,2006-09-03,35,0.844948731306302,9,2006
45,HK,2006-36,2006-09-10,36,2.1156139985177,9,2006
46,HK,2006-37,2006-09-17,37,1.60793894456149,9,2006
47,HK,2006-38,2006-09-24,38,2.96331736081503,9,2006
48,HK,2006-39,2006-10-01,39,1.25304433796199,10,2006
49,HK,2006-40,2006-10-08,40,0.914351481824865,10,2006
50,HK,2006-41,2006-10-15,41,0.647379514221761,10,2006
51,HK,2006-42,2006-10-22,42,0.345672655147423,10,2006
52,HK,2006-43,2006-10-29,43,0.259321495197196,10,2006
1,HK,2006-44,2006-11-05,44,0.05,11,2007
2,HK,2006-45,2006-11-12,45,0.131039143004005,11,2007
3,HK,2006-46,2006-11-19,46,0.0514575902972606,11,2007
4,HK,2006-47,2006-11-26,47,0.131099914453157,11,2007
5,HK,2006-48,2006-12-03,48,0.1833778915649,12,2007
6,HK,2006-49,2006-12-10,49,0.556561108231223,12,2007
7,HK,2006-50,2006-12-17,50,0.411851391515309,12,2007
8,HK,2006-51,2006-12-24,51,0.568795129794743,12,2007
9,HK,2006-52,2006-12-31,52,0.7786205163745,12,2007
10,HK,2007-1,2007-01-07,1,1.08905715281658,1,2007
11,HK,2007-2,2007-01-14,2,2.91254152194848,1,2007
12,HK,2007-3,2007-01-21,3,4.34428939636452,1,2007
13,HK,2007-4,2007-01-28,4,5.77236336786024,1,2007
14,HK,2007-5,2007-02-04,5,9.0564732760812,2,2007
15,HK,2007-6,2007-02-11,6,10.3036336485814,2,2007
16,HK,2007-7,2007-02-18,7,13.6249056041864,2,2007
17,HK,2007-8,2007-02-25,8,15.1441761081655,2,2007
18,HK,2007-9,2007-03-04,9,15.5522600044865,3,2007
19,HK,2007-10,2007-03-11,10,17.5902465640423,3,2007
20,HK,2007-11,2007-03-18,11,18.7685463109711,3,2007
21,HK,2007-12,2007-03-25,12,12.938728398875,3,2007
22,HK,2007-13,2007-04-01,13,10.6528748656187,4,2007
23,HK,2007-14,2007-04-08,14,11.2222244051946,4,2007
24,HK,2007-15,2007-04-15,15,7.59748263551519,4,2007
25,HK,2007-16,2007-04-22,16,5.21787105250444,4,2007
26,HK,2007-17,2007-04-29,17,6.48402620224318,4,2007
27,HK,2007-18,2007-05-06,18,6.34087444337988,5,2007
28,HK,2007-19,2007-05-13,19,6.54963572704999,5,2007
29,HK,2007-20,2007-05-20,20,3.91940410851807,5,2007
30,HK,2007-21,2007-05-27,21,5.02766832786327,5,2007
31,HK,2007-22,2007-06-03,22,4.41921015386775,6,2007
32,HK,2007-23,2007-06-10,23,7.3888504104098,6,2007
33,HK,2007-24,2007-06-17,24,11.3681344138822,6,2007
34,HK,2007-25,2007-06-24,25,21.9522889168959,6,2007
35,HK,2007-26,2007-07-01,26,22.2458964002119,7,2007
36,HK,2007-27,2007-07-08,27,27.0633916839324,7,2007
37,HK,2007-28,2007-07-15,28,24.7002866182556,7,2007
38,HK,2007-29,2007-07-22,29,11.2882886547614,7,2007
39,HK,2007-30,2007-07-29,30,8.28127428260123,7,2007
40,HK,2007-31,2007-08-05,31,5.45711913822389,8,2007
41,HK,2007-32,2007-08-12,32,3.16322814083354,8,2007
42,HK,2007-33,2007-08-19,33,2.212766636954,8,2007
43,HK,2007-34,2007-08-26,34,3.20010449320794,8,2007
44,HK,2007-35,2007-09-02,35,4.0027438163257,9,2007
45,HK,2007-36,2007-09-09,36,3.14247797707334,9,2007
46,HK,2007-37,2007-09-16,37,2.70446353185686,9,2007
47,HK,2007-38,2007-09-23,38,2.13316536918499,9,2007
48,HK,2007-39,2007-09-30,39,2.02185302942099,9,2007
49,HK,2007-40,2007-10-07,40,3.34673672299834,10,2007
50,HK,2007-41,2007-10-14,41,1.69818786628948,10,2007
51,HK,2007-42,2007-10-21,42,1.13231133428548,10,2007
52,HK,2007-43,2007-10-28,43,0.540344555318396,10,2007
1,HK,2007-44,2007-11-04,44,1.06215412474535,11,2008
2,HK,2007-45,2007-11-11,45,0.379119967774803,11,2008
3,HK,2007-46,2007-11-18,46,0.173293271529089,11,2008
4,HK,2007-47,2007-11-25,47,0.262065786163883,11,2008
5,HK,2007-48,2007-12-02,48,0.255129708150206,12,2008
6,HK,2007-49,2007-12-09,49,0.601757915180373,12,2008
7,HK,2007-50,2007-12-16,50,0.594867295459531,12,2008
8,HK,2007-51,2007-12-23,51,1.89513019752061,12,2008
9,HK,2007-52,2007-12-30,52,1.3596830153132,12,2008
10,HK,2008-1,2008-01-06,1,1.69145681691457,1,2008
11,HK,2008-2,2008-01-13,2,2.21909930926527,1,2008
12,HK,2008-3,2008-01-20,3,2.69967082259146,1,2008
13,HK,2008-4,2008-01-27,4,5.47515385043261,1,2008
14,HK,2008-5,2008-02-03,5,4.48999244252663,2,2008
15,HK,2008-6,2008-02-10,6,4.69216120119326,2,2008
16,HK,2008-7,2008-02-17,7,5.63716436993891,2,2008
17,HK,2008-8,2008-02-24,8,10.0026216721471,2,2008
18,HK,2008-9,2008-03-02,9,11.427397132626,3,2008
19,HK,2008-10,2008-03-09,10,20.0623296421346,3,2008
20,HK,2008-11,2008-03-16,11,19.5582455103292,3,2008
21,HK,2008-12,2008-03-23,12,9.60159400098573,3,2008
22,HK,2008-13,2008-03-30,13,5.38464199417229,3,2008
23,HK,2008-14,2008-04-06,14,3.62737787767776,4,2008
24,HK,2008-15,2008-04-13,15,3.47491960071837,4,2008
25,HK,2008-16,2008-04-20,16,3.51559488422693,4,2008
26,HK,2008-17,2008-04-27,17,3.29605338031004,4,2008
27,HK,2008-18,2008-05-04,18,2.35524373455408,5,2008
28,HK,2008-19,2008-05-11,19,2.23027825762552,5,2008
29,HK,2008-20,2008-05-18,20,1.69295842160507,5,2008
30,HK,2008-21,2008-05-25,21,2.33260624900039,5,2008
31,HK,2008-22,2008-06-01,22,1.67605259683934,6,2008
32,HK,2008-23,2008-06-08,23,2.03948795834237,6,2008
33,HK,2008-24,2008-06-15,24,2.44189282604207,6,2008
34,HK,2008-25,2008-06-22,25,2.64683007601797,6,2008
35,HK,2008-26,2008-06-29,26,3.98725524476426,6,2008
36,HK,2008-27,2008-07-06,27,3.75030490283764,7,2008
37,HK,2008-28,2008-07-13,28,5.51420710661677,7,2008
38,HK,2008-29,2008-07-20,29,11.6707693729129,7,2008
39,HK,2008-30,2008-07-27,30,12.9748068679366,7,2008
40,HK,2008-31,2008-08-03,31,12.8894973679742,8,2008
41,HK,2008-32,2008-08-10,32,8.37024593851705,8,2008
42,HK,2008-33,2008-08-17,33,5.81733544790947,8,2008
43,HK,2008-34,2008-08-24,34,6.08103032662063,8,2008
44,HK,2008-35,2008-08-31,35,4.03328215370051,8,2008
45,HK,2008-36,2008-09-07,36,3.94314204899564,9,2008
46,HK,2008-37,2008-09-14,37,2.68264613675146,9,2008
47,HK,2008-38,2008-09-21,38,2.60221282101826,9,2008
48,HK,2008-39,2008-09-28,39,1.51653525931184,9,2008
49,HK,2008-40,2008-10-05,40,1.22426430069167,10,2008
50,HK,2008-41,2008-10-12,41,0.593913302363546,10,2008
51,HK,2008-42,2008-10-19,42,0.635156661946199,10,2008
52,HK,2008-43,2008-10-26,43,0.351046010192809,10,2008
1,HK,2008-44,2008-11-02,44,0.358146647817601,11,2009
2,HK,2008-45,2008-11-09,45,0.384987598957149,11,2009
3,HK,2008-46,2008-11-16,46,0.73186861153366,11,2009
4,HK,2008-47,2008-11-23,47,0.409728159146501,11,2009
5,HK,2008-48,2008-11-30,48,0.441963886108603,11,2009
6,HK,2008-49,2008-12-07,49,0.157450987591473,12,2009
7,HK,2008-50,2008-12-14,50,0.568333009334944,12,2009
8,HK,2008-51,2008-12-21,51,0.527995017893164,12,2009
9,HK,2008-52,2008-12-28,52,0.698107977250903,12,2009
10,HK,2009-1,2009-01-04,1,1.51975683890578,1,2009
11,HK,2009-2,2009-01-11,2,2.77788191190253,1,2009
12,HK,2009-3,2009-01-18,3,4.89378754277623,1,2009
13,HK,2009-4,2009-01-25,4,5.28546706173561,1,2009
14,HK,2009-5,2009-02-01,5,9.15346442141983,2,2009
15,HK,2009-6,2009-02-08,6,14.5941419775377,2,2009
16,HK,2009-7,2009-02-15,7,13.0701606700141,2,2009
17,HK,2009-8,2009-02-22,8,14.3133849980654,2,2009
18,HK,2009-9,2009-03-01,9,10.4025638261355,3,2009
19,HK,2009-10,2009-03-08,10,7.5322689823563,3,2009
20,HK,2009-11,2009-03-15,11,5.10417077053125,3,2009
21,HK,2009-12,2009-03-22,12,2.86802456293413,3,2009
22,HK,2009-13,2009-03-29,13,2.96400721979072,3,2009
23,HK,2009-14,2009-04-05,14,2.15254952933677,4,2009
24,HK,2009-15,2009-04-12,15,1.45851063093731,4,2009
25,HK,2009-16,2009-04-19,16,1.35498869095512,4,2009
26,HK,2009-17,2009-04-26,17,1.18084363576621,4,2009
27,HK,2009-18,2009-05-03,18,1.5853470803476,5,2009
28,HK,2009-19,2009-05-10,19,1.08699506491152,5,2009
29,HK,2009-20,2009-05-17,20,1.10366411559305,5,2009
30,HK,2009-21,2009-05-24,21,1.5130149184467,5,2009
31,HK,2009-22,2009-05-31,22,2.452643569962,5,2009
32,HK,2009-23,2009-06-07,23,1.79220929198068,6,2009
33,HK,2009-24,2009-06-14,24,3.00861322987524,6,2009
34,HK,2009-25,2009-06-21,25,4.81492581239836,6,2009
35,HK,2009-26,2009-06-28,26,6.94187820603221,6,2009
36,HK,2009-27,2009-07-05,27,9.88686977885477,7,2009
37,HK,2009-28,2009-07-12,28,14.2457608024843,7,2009
38,HK,2009-29,2009-07-19,29,16.3583927327295,7,2009
39,HK,2009-30,2009-07-26,30,18.7995470497975,7,2009
40,HK,2009-31,2009-08-02,31,18.6919639389954,8,2009
41,HK,2009-32,2009-08-09,32,20.382625089147,8,2009
42,HK,2009-33,2009-08-16,33,17.254970657791,8,2009
43,HK,2009-34,2009-08-23,34,27.8577318750349,8,2009
44,HK,2009-35,2009-08-30,35,28.8112047312744,8,2009
45,HK,2009-36,2009-09-06,36,32.8484703524951,9,2009
46,HK,2009-37,2009-09-13,37,44.960715599191,9,2009
47,HK,2009-38,2009-09-20,38,62.4291647216877,9,2009
48,HK,2009-39,2009-09-27,39,71.0394913714964,9,2009
49,HK,2009-40,2009-10-04,40,57.541412380122,10,2009
50,HK,2009-41,2009-10-11,41,29.3732037791427,10,2009
51,HK,2009-42,2009-10-18,42,15.496059168901,10,2009
52,HK,2009-43,2009-10-25,43,8.99836545406168,10,2009
1,HK,2009-44,2009-11-01,44,6.31991350228759,11,2010
2,HK,2009-45,2009-11-08,45,3.29133478981488,11,2010
3,HK,2009-46,2009-11-15,46,2.37483349524773,11,2010
4,HK,2009-47,2009-11-22,47,3.66238894373149,11,2010
5,HK,2009-48,2009-11-29,48,6.62914277228981,11,2010
6,HK,2009-49,2009-12-06,49,5.80259603324767,12,2010
7,HK,2009-50,2009-12-13,50,4.49046756013099,12,2010
8,HK,2009-51,2009-12-20,51,5.6982047054742,12,2010
9,HK,2009-52,2009-12-27,52,4.53816573831429,12,2010
10,HK,2010-1,2010-01-03,52,3.68602071954253,1,2010
11,HK,2010-2,2010-01-10,1,5.04866288276428,1,2010
12,HK,2010-3,2010-01-17,2,5.61576074068647,1,2010
13,HK,2010-4,2010-01-24,3,4.48410031262913,1,2010
14,HK,2010-5,2010-01-31,4,3.49296869552826,1,2010
15,HK,2010-6,2010-02-07,5,4.9880225220331,2,2010
16,HK,2010-7,2010-02-14,6,4.38002257102319,2,2010
17,HK,2010-8,2010-02-21,7,2.70123461637888,2,2010
18,HK,2010-9,2010-02-28,8,5.9073168437882,2,2010
19,HK,2010-10,2010-03-07,9,6.69648430495308,3,2010
20,HK,2010-11,2010-03-14,10,7.15645943711936,3,2010
21,HK,2010-12,2010-03-21,11,8.28208944422417,3,2010
22,HK,2010-13,2010-03-28,12,5.8522937904379,3,2010
23,HK,2010-14,2010-04-04,13,4.45284947610529,4,2010
24,HK,2010-15,2010-04-11,14,3.79287598944591,4,2010
25,HK,2010-16,2010-04-18,15,3.54446997046275,4,2010
26,HK,2010-17,2010-04-25,16,4.52771724864329,4,2010
27,HK,2010-18,2010-05-02,17,3.69036796854162,5,2010
28,HK,2010-19,2010-05-09,18,4.12447797821606,5,2010
29,HK,2010-20,2010-05-16,19,3.26499620349278,5,2010
30,HK,2010-21,2010-05-23,20,4.48431049481838,5,2010
31,HK,2010-22,2010-05-30,21,2.52269532683057,5,2010
32,HK,2010-23,2010-06-06,22,2.10508370554741,6,2010
33,HK,2010-24,2010-06-13,23,2.86751213146842,6,2010
34,HK,2010-25,2010-06-20,24,2.11750507838873,6,2010
35,HK,2010-26,2010-06-27,25,2.97377926617043,6,2010
36,HK,2010-27,2010-07-04,26,4.58891013384322,7,2010
37,HK,2010-28,2010-07-11,27,6.34586205925084,7,2010
38,HK,2010-29,2010-07-18,28,5.38766491760991,7,2010
39,HK,2010-30,2010-07-25,29,8.73361784099271,7,2010
40,HK,2010-31,2010-08-01,30,12.4656388191705,8,2010
41,HK,2010-32,2010-08-08,31,12.4023511279673,8,2010
42,HK,2010-33,2010-08-15,32,12.508553207551,8,2010
43,HK,2010-34,2010-08-22,33,11.9118284574288,8,2010
44,HK,2010-35,2010-08-29,34,17.5972877696134,8,2010
45,HK,2010-36,2010-09-05,35,16.812239136997,9,2010
46,HK,2010-37,2010-09-12,36,20.6585777614443,9,2010
47,HK,2010-38,2010-09-19,37,16.1634921320491,9,2010
48,HK,2010-39,2010-09-26,38,17.6026358208836,9,2010
49,HK,2010-40,2010-10-03,39,11.0048314423756,10,2010
50,HK,2010-41,2010-10-10,40,7.62312422198012,10,2010
51,HK,2010-42,2010-10-17,41,5.31465893282405,10,2010
52,HK,2010-43,2010-10-24,42,4.03091796437333,10,2010
53,HK,2010-44,2010-10-31,43,3.2258124649489,10,2010
1,HK,2010-45,2010-11-07,44,1.26988129762055,11,2011
2,HK,2010-46,2010-11-14,45,1.29181291140092,11,2011
3,HK,2010-47,2010-11-21,46,1.47760307084464,11,2011
4,HK,2010-48,2010-11-28,47,1.14661697512346,11,2011
5,HK,2010-49,2010-12-05,48,0.729736750551877,12,2011
6,HK,2010-50,2010-12-12,49,0.799739802965514,12,2011
7,HK,2010-51,2010-12-19,50,1.72013988760664,12,2011
8,HK,2010-52,2010-12-26,51,2.61951423879791,12,2011
9,HK,2011-1,2011-01-02,52,3.72231307740863,1,2011
10,HK,2011-2,2011-01-09,1,7.78856243537046,1,2011
11,HK,2011-3,2011-01-16,2,13.4099613094086,1,2011
12,HK,2011-4,2011-01-23,3,20.7029812292971,1,2011
13,HK,2011-5,2011-01-30,4,23.8367772707657,1,2011
14,HK,2011-6,2011-02-06,5,16.1262614190871,2,2011
15,HK,2011-7,2011-02-13,6,13.3143200671936,2,2011
16,HK,2011-8,2011-02-20,7,12.5175863906722,2,2011
17,HK,2011-9,2011-02-27,8,8.83170554918597,2,2011
18,HK,2011-10,2011-03-06,9,4.27530174164625,3,2011
19,HK,2011-11,2011-03-13,10,2.22936251974882,3,2011
20,HK,2011-12,2011-03-20,11,1.90112519452584,3,2011
21,HK,2011-13,2011-03-27,12,2.4432279663759,3,2011
22,HK,2011-14,2011-04-03,13,1.88272127263496,4,2011
23,HK,2011-15,2011-04-10,14,1.89427536305422,4,2011
24,HK,2011-16,2011-04-17,15,2.81728463133844,4,2011
25,HK,2011-17,2011-04-24,16,0.941045759430555,4,2011
26,HK,2011-18,2011-05-01,17,0.906501770255464,5,2011
27,HK,2011-19,2011-05-08,18,0.940560876991936,5,2011
28,HK,2011-20,2011-05-15,19,0.85537872836631,5,2011
29,HK,2011-21,2011-05-22,20,0.62260456759726,5,2011
30,HK,2011-22,2011-05-29,21,0.639541340440888,5,2011
31,HK,2011-23,2011-06-05,22,0.760287660848689,6,2011
32,HK,2011-24,2011-06-12,23,0.540798197339341,6,2011
33,HK,2011-25,2011-06-19,24,0.805073286147617,6,2011
34,HK,2011-26,2011-06-26,25,1.11887865577765,6,2011
35,HK,2011-27,2011-07-03,26,0.587159957651469,7,2011
36,HK,2011-28,2011-07-10,27,1.29190831106082,7,2011
37,HK,2011-29,2011-07-17,28,1.7760619597899,7,2011
38,HK,2011-30,2011-07-24,29,1.73739304174087,7,2011
39,HK,2011-31,2011-07-31,30,1.39601081397645,7,2011
40,HK,2011-32,2011-08-07,31,1.17404725014713,8,2011
41,HK,2011-33,2011-08-14,32,1.3872872999551,8,2011
42,HK,2011-34,2011-08-21,33,1.11302187500215,8,2011
43,HK,2011-35,2011-08-28,34,2.41178582987156,8,2011
44,HK,2011-36,2011-09-04,35,2.17158797055222,9,2011
45,HK,2011-37,2011-09-11,36,2.99972705267165,9,2011
46,HK,2011-38,2011-09-18,37,3.3050342754231,9,2011
47,HK,2011-39,2011-09-25,38,2.17066322940048,9,2011
48,HK,2011-40,2011-10-02,39,3.783325519337,10,2011
49,HK,2011-41,2011-10-09,40,3.12155887203933,10,2011
50,HK,2011-42,2011-10-16,41,2.73701851337878,10,2011
51,HK,2011-43,2011-10-23,42,2.52600814698643,10,2011
52,HK,2011-44,2011-10-30,43,2.09448452408657,10,2011
1,HK,2011-45,2011-11-06,44,2.51077608320716,11,2012
2,HK,2011-46,2011-11-13,45,2.08140420113529,11,2012
3,HK,2011-47,2011-11-20,46,1.89621590150255,11,2012
4,HK,2011-48,2011-11-27,47,3.04362540599304,11,2012
5,HK,2011-49,2011-12-04,48,2.38615364098786,12,2012
6,HK,2011-50,2011-12-11,49,3.09064885178766,12,2012
7,HK,2011-51,2011-12-18,50,4.15768251926563,12,2012
8,HK,2011-52,2011-12-25,51,3.19293151024284,12,2012
9,HK,2011-53,2012-01-01,52,3.78695602752859,1,2012
10,HK,2012-1,2012-01-08,1,3.23877677007836,1,2012
11,HK,2012-2,2012-01-15,2,5.67758890064571,1,2012
12,HK,2012-3,2012-01-22,3,6.60979096596957,1,2012
13,HK,2012-4,2012-01-29,4,8.36542418953972,1,2012
14,HK,2012-5,2012-02-05,5,13.5460483544516,2,2012
15,HK,2012-6,2012-02-12,6,12.8375857836242,2,2012
16,HK,2012-7,2012-02-19,7,17.0056371626432,2,2012
17,HK,2012-8,2012-02-26,8,14.2795998967377,2,2012
18,HK,2012-9,2012-03-04,9,11.3997597640108,3,2012
19,HK,2012-10,2012-03-11,10,11.2574444138634,3,2012
20,HK,2012-11,2012-03-18,11,12.6948926251952,3,2012
21,HK,2012-12,2012-03-25,12,12.729060623541,3,2012
22,HK,2012-13,2012-04-01,13,9.51148566168122,4,2012
23,HK,2012-14,2012-04-08,14,8.42126461760413,4,2012
24,HK,2012-15,2012-04-15,15,6.91356816979777,4,2012
25,HK,2012-16,2012-04-22,16,7.7747170585718,4,2012
26,HK,2012-17,2012-04-29,17,13.0847610219084,4,2012
27,HK,2012-18,2012-05-06,18,11.2231994329337,5,2012
28,HK,2012-19,2012-05-13,19,16.6382418019541,5,2012
29,HK,2012-20,2012-05-20,20,21.8065593263266,5,2012
30,HK,2012-21,2012-05-27,21,26.4848395278238,5,2012
31,HK,2012-22,2012-06-03,22,20.0118344611041,6,2012
32,HK,2012-23,2012-06-10,23,14.6518459248816,6,2012
33,HK,2012-24,2012-06-17,24,10.0693800509961,6,2012
34,HK,2012-25,2012-06-24,25,9.20524377942008,6,2012
35,HK,2012-26,2012-07-01,26,4.69976343383839,7,2012
36,HK,2012-27,2012-07-08,27,3.95162843764818,7,2012
37,HK,2012-28,2012-07-15,28,4.03310107309975,7,2012
38,HK,2012-29,2012-07-22,29,1.82025005124001,7,2012
39,HK,2012-30,2012-07-29,30,2.1309000661975,7,2012
40,HK,2012-31,2012-08-05,31,1.3552430161459,8,2012
41,HK,2012-32,2012-08-12,32,0.715763129624578,8,2012
42,HK,2012-33,2012-08-19,33,0.975172631911865,8,2012
43,HK,2012-34,2012-08-26,34,1.10638966373418,8,2012
44,HK,2012-35,2012-09-02,35,0.729001041683285,9,2012
45,HK,2012-36,2012-09-09,36,0.447868271435818,9,2012
46,HK,2012-37,2012-09-16,37,0.521113373059576,9,2012
47,HK,2012-38,2012-09-23,38,1.03907461883681,9,2012
48,HK,2012-39,2012-09-30,39,0.404203718674211,9,2012
49,HK,2012-40,2012-10-07,40,0.38583124363372,10,2012
50,HK,2012-41,2012-10-14,41,0.441701578851123,10,2012
51,HK,2012-42,2012-10-21,42,0.301986668885344,10,2012
52,HK,2012-43,2012-10-28,43,0.317684185372002,10,2012
1,HK,2012-44,2012-11-04,44,0.16684631502599,11,2013
2,HK,2012-45,2012-11-11,45,0.225554315456132,11,2013
3,HK,2012-46,2012-11-18,46,0.242298999306197,11,2013
4,HK,2012-47,2012-11-25,47,0.256672896730821,11,2013
5,HK,2012-48,2012-12-02,48,0.408078323135251,12,2013
6,HK,2012-49,2012-12-09,49,1.07453907928967,12,2013
7,HK,2012-50,2012-12-16,50,1.10457408527458,12,2013
8,HK,2012-51,2012-12-23,51,1.54942744043636,12,2013
9,HK,2012-52,2012-12-30,52,1.18009081354912,12,2013
10,HK,2013-1,2013-01-06,1,1.28329474328013,1,2013
11,HK,2013-2,2013-01-13,2,1.76857110472689,1,2013
12,HK,2013-3,2013-01-20,3,1.74131044202238,1,2013
13,HK,2013-4,2013-01-27,4,2.50673095129238,1,2013
14,HK,2013-5,2013-02-03,5,2.66490749924192,2,2013
15,HK,2013-6,2013-02-10,6,1.54046558670549,2,2013
16,HK,2013-7,2013-02-17,7,1.58376172870421,2,2013
17,HK,2013-8,2013-02-24,8,3.77078691609456,2,2013
18,HK,2013-9,2013-03-03,9,4.32405972097577,3,2013
19,HK,2013-10,2013-03-10,10,4.85268533132894,3,2013
20,HK,2013-11,2013-03-17,11,4.09330912167823,3,2013
21,HK,2013-12,2013-03-24,12,4.11101125665655,3,2013
22,HK,2013-13,2013-03-31,13,4.72958984150353,3,2013
23,HK,2013-14,2013-04-07,14,4.05602382913999,4,2013
24,HK,2013-15,2013-04-14,15,2.63356325111604,4,2013
25,HK,2013-16,2013-04-21,16,3.51014711646003,4,2013
26,HK,2013-17,2013-04-28,17,1.50803093396788,4,2013
27,HK,2013-18,2013-05-05,18,1.32436254671873,5,2013
28,HK,2013-19,2013-05-12,19,1.32089751822537,5,2013
29,HK,2013-20,2013-05-19,20,1.44932095381048,5,2013
30,HK,2013-21,2013-05-26,21,1.35571482279933,5,2013
31,HK,2013-22,2013-06-02,22,0.994402332698525,6,2013
32,HK,2013-23,2013-06-09,23,1.2381407368935,6,2013
33,HK,2013-24,2013-06-16,24,1.23708887251182,6,2013
34,HK,2013-25,2013-06-23,25,1.81247927470438,6,2013
35,HK,2013-26,2013-06-30,26,1.72172428140494,6,2013
36,HK,2013-27,2013-07-07,27,2.60800113013382,7,2013
37,HK,2013-28,2013-07-14,28,2.10502174455239,7,2013
38,HK,2013-29,2013-07-21,29,2.71495745633676,7,2013
39,HK,2013-30,2013-07-28,30,2.49392906410681,7,2013
40,HK,2013-31,2013-08-04,31,3.2846265790158,8,2013
41,HK,2013-32,2013-08-11,32,3.54211087309202,8,2013
42,HK,2013-33,2013-08-18,33,3.82859055534658,8,2013
43,HK,2013-34,2013-08-25,34,3.45215048240658,8,2013
44,HK,2013-35,2013-09-01,35,3.09485557539981,9,2013
45,HK,2013-36,2013-09-08,36,3.85658692637399,9,2013
46,HK,2013-37,2013-09-15,37,4.37101762105394,9,2013
47,HK,2013-38,2013-09-22,38,5.81513024163501,9,2013
48,HK,2013-39,2013-09-29,39,3.05191206355071,9,2013
49,HK,2013-40,2013-10-06,40,4.4855610944626,10,2013
50,HK,2013-41,2013-10-13,41,3.58696078437889,10,2013
51,HK,2013-42,2013-10-20,42,1.70465795339669,10,2013
52,HK,2013-43,2013-10-27,43,0.967839705369217,10,2013
1,HK,2013-44,2013-11-03,44,1.30581627062726,11,2014
2,HK,2013-45,2013-11-10,45,0.989012074879328,11,2014
3,HK,2013-46,2013-11-17,46,0.959138545875534,11,2014
4,HK,2013-47,2013-11-24,47,0.787681800212743,11,2014
5,HK,2013-48,2013-12-01,48,0.746195417820317,12,2014
6,HK,2013-49,2013-12-08,49,0.829864040608013,12,2014
7,HK,2013-50,2013-12-15,50,1.36449941503985,12,2014
8,HK,2013-51,2013-12-22,51,2.27394519695722,12,2014
9,HK,2013-52,2013-12-29,52,2.77807899113799,12,2014
10,HK,2014-1,2014-01-05,1,5.56827398242106,1,2014
11,HK,2014-2,2014-01-12,2,8.69042443067526,1,2014
12,HK,2014-3,2014-01-19,3,11.4044490640192,1,2014
13,HK,2014-4,2014-01-26,4,11.7548789339168,1,2014
14,HK,2014-5,2014-02-02,5,12.1227925749046,2,2014
15,HK,2014-6,2014-02-09,6,15.1287601196824,2,2014
16,HK,2014-7,2014-02-16,7,10.3450621047717,2,2014
17,HK,2014-8,2014-02-23,8,14.8195278085265,2,2014
18,HK,2014-9,2014-03-02,9,14.6341015854375,3,2014
19,HK,2014-10,2014-03-09,10,9.69883312835588,3,2014
20,HK,2014-11,2014-03-16,11,11.0869499838515,3,2014
21,HK,2014-12,2014-03-23,12,9.44729648233172,3,2014
22,HK,2014-13,2014-03-30,13,7.75462622959512,3,2014
23,HK,2014-14,2014-04-06,14,5.68469476275757,4,2014
24,HK,2014-15,2014-04-13,15,4.91664348111816,4,2014
25,HK,2014-16,2014-04-20,16,3.94422656436591,4,2014
26,HK,2014-17,2014-04-27,17,3.87364416460978,4,2014
27,HK,2014-18,2014-05-04,18,2.61915942074434,5,2014
28,HK,2014-19,2014-05-11,19,2.03379528273652,5,2014
29,HK,2014-20,2014-05-18,20,1.44212707684477,5,2014
30,HK,2014-21,2014-05-25,21,2.25202746815776,5,2014
31,HK,2014-22,2014-06-01,22,3.38757236464755,6,2014
32,HK,2014-23,2014-06-08,23,5.56937402864531,6,2014
33,HK,2014-24,2014-06-15,24,5.67411724147704,6,2014
34,HK,2014-25,2014-06-22,25,5.39585446247465,6,2014
35,HK,2014-26,2014-06-29,26,4.08932666339484,6,2014
36,HK,2014-27,2014-07-06,27,3.24826787843184,7,2014
37,HK,2014-28,2014-07-13,28,3.89340848824279,7,2014
38,HK,2014-29,2014-07-20,29,3.66545977233001,7,2014
39,HK,2014-30,2014-07-27,30,2.1893573699801,7,2014
40,HK,2014-31,2014-08-03,31,1.68475440785188,8,2014
41,HK,2014-32,2014-08-10,32,0.885342969502847,8,2014
42,HK,2014-33,2014-08-17,33,0.37401010794559,8,2014
43,HK,2014-34,2014-08-24,34,1.03139599076344,8,2014
44,HK,2014-35,2014-08-31,35,1.10382029805548,8,2014
45,HK,2014-36,2014-09-07,36,0.757756751346775,9,2014
46,HK,2014-37,2014-09-14,37,1.05218855218855,9,2014
47,HK,2014-38,2014-09-21,38,0.866789254593547,9,2014
48,HK,2014-39,2014-09-28,39,0.324015314665497,9,2014
49,HK,2014-40,2014-10-05,40,0.553656474062159,10,2014
50,HK,2014-41,2014-10-12,41,0.192594598022058,10,2014
51,HK,2014-42,2014-10-19,42,0.32300771958816,10,2014
52,HK,2014-43,2014-10-26,43,0.234942241100446,10,2014
1,HK,2014-44,2014-11-02,44,0.194441544213889,11,2015
2,HK,2014-45,2014-11-09,45,0.105248279423108,11,2015
3,HK,2014-46,2014-11-16,46,0.0678982565741919,11,2015
4,HK,2014-47,2014-11-23,47,0.391103987437799,11,2015
5,HK,2014-48,2014-11-30,48,0.392838407960494,11,2015
6,HK,2014-49,2014-12-07,49,0.6080798611551,12,2015
7,HK,2014-50,2014-12-14,50,1.23543533816378,12,2015
8,HK,2014-51,2014-12-21,51,1.71235600259715,12,2015
9,HK,2014-52,2014-12-28,52,2.94114467286707,12,2015
10,HK,2015-1,2015-01-04,1,6.00362306438996,1,2015
11,HK,2015-2,2015-01-11,2,11.325123970467,1,2015
12,HK,2015-3,2015-01-18,3,16.9917319427765,1,2015
13,HK,2015-4,2015-01-25,4,24.9711868925518,1,2015
14,HK,2015-5,2015-02-01,5,23.5717711843818,2,2015
15,HK,2015-6,2015-02-08,6,24.557963966237,2,2015
16,HK,2015-7,2015-02-15,7,18.7185598028361,2,2015
17,HK,2015-8,2015-02-22,8,5.32366365966242,2,2015
18,HK,2015-9,2015-03-01,9,9.85619500818692,3,2015
19,HK,2015-10,2015-03-08,10,10.3631794358683,3,2015
20,HK,2015-11,2015-03-15,11,6.91859775622019,3,2015
21,HK,2015-12,2015-03-22,12,5.24274088258294,3,2015
22,HK,2015-13,2015-03-29,13,5.81673965132611,3,2015
23,HK,2015-14,2015-04-05,14,4.3203787458931,4,2015
24,HK,2015-15,2015-04-12,15,4.45312658884945,4,2015
25,HK,2015-16,2015-04-19,16,3.33461475094734,4,2015
26,HK,2015-17,2015-04-26,17,4.21718121121966,4,2015
27,HK,2015-18,2015-05-03,18,3.27804572296475,5,2015
28,HK,2015-19,2015-05-10,19,2.65148787724548,5,2015
29,HK,2015-20,2015-05-17,20,2.89566273971156,5,2015
30,HK,2015-21,2015-05-24,21,4.54355108877723,5,2015
31,HK,2015-22,2015-05-31,22,4.89212875594064,5,2015
32,HK,2015-23,2015-06-07,23,6.88538340882758,6,2015
33,HK,2015-24,2015-06-14,24,11.5633855474507,6,2015
34,HK,2015-25,2015-06-21,25,13.6719959796411,6,2015
35,HK,2015-26,2015-06-28,26,12.6014547027789,6,2015
36,HK,2015-27,2015-07-05,27,12.1674976057075,7,2015
37,HK,2015-28,2015-07-12,28,8.10299129117759,7,2015
38,HK,2015-29,2015-07-19,29,7.07137059387803,7,2015
39,HK,2015-30,2015-07-26,30,3.62879636645445,7,2015
40,HK,2015-31,2015-08-02,31,2.1009300266717,8,2015
41,HK,2015-32,2015-08-09,32,2.37352834027313,8,2015
42,HK,2015-33,2015-08-16,33,1.59954282898646,8,2015
43,HK,2015-34,2015-08-23,34,1.6457362351714,8,2015
44,HK,2015-35,2015-08-30,35,2.13143945857502,8,2015
45,HK,2015-36,2015-09-06,36,0.961917391316857,9,2015
46,HK,2015-37,2015-09-13,37,0.990888994456523,9,2015
47,HK,2015-38,2015-09-20,38,0.891461567938781,9,2015
48,HK,2015-39,2015-09-27,39,0.464028441600501,9,2015
49,HK,2015-40,2015-10-04,40,0.665651764414192,10,2015
50,HK,2015-41,2015-10-11,41,0.395304498337444,10,2015
51,HK,2015-42,2015-10-18,42,0.345349977667368,10,2015
52,HK,2015-43,2015-10-25,43,0.337105137493103,10,2015
1,HK,2015-44,2015-11-01,44,0.28075877759248,11,2016
2,HK,2015-45,2015-11-08,45,0.397535112009374,11,2016
3,HK,2015-46,2015-11-15,46,0.548474260260676,11,2016
4,HK,2015-47,2015-11-22,47,0.238596553704256,11,2016
5,HK,2015-48,2015-11-29,48,0.56420416458558,11,2016
6,HK,2015-49,2015-12-06,49,0.377122233270725,12,2016
7,HK,2015-50,2015-12-13,50,0.334707897949567,12,2016
8,HK,2015-51,2015-12-20,51,0.67907719228257,12,2016
9,HK,2015-52,2015-12-27,52,0.850880286405557,12,2016
10,HK,2016-1,2016-01-03,52,1.43437204253187,1,2016
11,HK,2016-2,2016-01-10,1,1.75683544290469,1,2016
12,HK,2016-3,2016-01-17,2,2.96566560008228,1,2016
13,HK,2016-4,2016-01-24,3,4.84154481720037,1,2016
14,HK,2016-5,2016-01-31,4,3.46489091007525,1,2016
15,HK,2016-6,2016-02-07,5,8.3904544742476,2,2016
16,HK,2016-7,2016-02-14,6,12.1703045460771,2,2016
17,HK,2016-8,2016-02-21,7,11.3892779333955,2,2016
18,HK,2016-9,2016-02-28,8,17.4152976850714,2,2016
19,HK,2016-10,2016-03-06,9,20.7411860694808,3,2016
20,HK,2016-11,2016-03-13,10,15.1611457460845,3,2016
21,HK,2016-12,2016-03-20,11,12.7298637085793,3,2016
22,HK,2016-13,2016-03-27,12,12.1687591195913,3,2016
23,HK,2016-14,2016-04-03,13,12.5886207260883,4,2016
24,HK,2016-15,2016-04-10,14,9.8042605752444,4,2016
25,HK,2016-16,2016-04-17,15,9.50048695252693,4,2016
26,HK,2016-17,2016-04-24,16,8.99048762553179,4,2016
27,HK,2016-18,2016-05-01,17,7.57932309111157,5,2016
28,HK,2016-19,2016-05-08,18,4.6731292482932,5,2016
29,HK,2016-20,2016-05-15,19,3.95013085463531,5,2016
30,HK,2016-21,2016-05-22,20,3.38121420458081,5,2016
31,HK,2016-22,2016-05-29,21,2.30014320975791,5,2016
32,HK,2016-23,2016-06-05,22,1.40341056518396,6,2016
33,HK,2016-24,2016-06-12,23,1.01545062346696,6,2016
34,HK,2016-25,2016-06-19,24,0.98006252203221,6,2016
35,HK,2016-26,2016-06-26,25,1.2763627511636,6,2016
36,HK,2016-27,2016-07-03,26,2.41811351797758,7,2016
37,HK,2016-28,2016-07-10,27,1.29338282238077,7,2016
38,HK,2016-29,2016-07-17,28,1.42127142585665,7,2016
39,HK,2016-30,2016-07-24,29,2.07426640777776,7,2016
40,HK,2016-31,2016-07-31,30,1.94012546210916,7,2016
41,HK,2016-32,2016-08-07,31,1.08035541527356,8,2016
42,HK,2016-33,2016-08-14,32,1.82247189953938,8,2016
43,HK,2016-34,2016-08-21,33,1.60412574437321,8,2016
44,HK,2016-35,2016-08-28,34,3.22734594682377,8,2016
45,HK,2016-36,2016-09-04,35,3.65366494168534,9,2016
46,HK,2016-37,2016-09-11,36,3.58435695111039,9,2016
47,HK,2016-38,2016-09-18,37,6.86073758366475,9,2016
48,HK,2016-39,2016-09-25,38,7.52606153063819,9,2016
49,HK,2016-40,2016-10-02,39,6.98595621392357,10,2016
50,HK,2016-41,2016-10-09,40,6.3649615751589,10,2016
51,HK,2016-42,2016-10-16,41,5.06469264882952,10,2016
52,HK,2016-43,2016-10-23,42,4.22974187753525,10,2016
53,HK,2016-44,2016-10-30,43,4.19394155186108,10,2016
1,HK,2016-45,2016-11-06,44,4.19277654508606,11,2017
2,HK,2016-46,2016-11-13,45,3.80961853903574,11,2017
3,HK,2016-47,2016-11-20,46,3.88233495907846,11,2017
4,HK,2016-48,2016-11-27,47,3.01544812310044,11,2017
5,HK,2016-49,2016-12-04,48,2.92007848250861,12,2017
6,HK,2016-50,2016-12-11,49,2.7250508917449,12,2017
7,HK,2016-51,2016-12-18,50,2.43735742903052,12,2017
8,HK,2016-52,2016-12-25,51,1.35029015008778,12,2017
9,HK,2016-53,2017-01-01,52,2.21885780623223,1,2017
10,HK,2017-1,2017-01-08,1,2.51460274933062,1,2017
11,HK,2017-2,2017-01-15,2,2.7002826339835,1,2017
12,HK,2017-3,2017-01-22,3,3.19626993975514,1,2017
13,HK,2017-4,2017-01-29,4,3.49934205583922,1,2017
14,HK,2017-5,2017-02-05,5,2.39322784896681,2,2017
15,HK,2017-6,2017-02-12,6,4.2407781793924,2,2017
16,HK,2017-7,2017-02-19,7,5.08230456015629,2,2017
17,HK,2017-8,2017-02-26,8,4.7436793427279,2,2017
18,HK,2017-9,2017-03-05,9,5.03367780983363,3,2017
19,HK,2017-10,2017-03-12,10,4.92442049930679,3,2017
20,HK,2017-11,2017-03-19,11,4.24936650860495,3,2017
21,HK,2017-12,2017-03-26,12,3.91684452311876,3,2017
22,HK,2017-13,2017-04-02,13,2.4786434646972,4,2017
23,HK,2017-14,2017-04-09,14,3.14989363090495,4,2017
24,HK,2017-15,2017-04-16,15,2.44682061637422,4,2017
25,HK,2017-16,2017-04-23,16,2.52705521746706,4,2017
26,HK,2017-17,2017-04-30,17,4.94453100389092,4,2017
27,HK,2017-18,2017-05-07,18,5.7069574527303,5,2017
28,HK,2017-19,2017-05-14,19,6.02987571801365,5,2017
29,HK,2017-20,2017-05-21,20,7.47893432862476,5,2017
30,HK,2017-21,2017-05-28,21,7.11756375872044,5,2017
31,HK,2017-22,2017-06-04,22,8.70118501028537,6,2017
32,HK,2017-23,2017-06-11,23,6.66790330380864,6,2017
33,HK,2017-24,2017-06-18,24,8.30344962916173,6,2017
34,HK,2017-25,2017-06-25,25,11.7813368397758,6,2017
35,HK,2017-26,2017-07-02,26,21.0497197965699,7,2017
36,HK,2017-27,2017-07-09,27,21.309014951833,7,2017
37,HK,2017-28,2017-07-16,28,26.5717197890331,7,2017
38,HK,2017-29,2017-07-23,29,29.6041102304174,7,2017
39,HK,2017-30,2017-07-30,30,25.5961951224368,7,2017
40,HK,2017-31,2017-08-06,31,16.1266349583829,8,2017
41,HK,2017-32,2017-08-13,32,10.145261684557,8,2017
42,HK,2017-33,2017-08-20,33,6.78307297009487,8,2017
43,HK,2017-34,2017-08-27,34,4.64208617752106,8,2017
44,HK,2017-35,2017-09-03,35,1.79686480162062,9,2017
45,HK,2017-36,2017-09-10,36,1.4966799962742,9,2017
46,HK,2017-37,2017-09-17,37,1.69770403863103,9,2017
47,HK,2017-38,2017-09-24,38,1.2386095877557,9,2017
48,HK,2017-39,2017-10-01,39,0.826245599534429,10,2017
49,HK,2017-40,2017-10-08,40,0.608061449074216,10,2017
50,HK,2017-41,2017-10-15,41,0.726994196921576,10,2017
51,HK,2017-42,2017-10-22,42,0.825525431234054,10,2017
52,HK,2017-43,2017-10-29,43,0.887315702130517,10,2017
1,HK,2017-44,2017-11-05,44,0.888611603029462,11,2018
2,HK,2017-45,2017-11-12,45,0.866235161889954,11,2018
3,HK,2017-46,2017-11-19,46,0.700039884081582,11,2018
4,HK,2017-47,2017-11-26,47,0.953819289368664,11,2018
5,HK,2017-48,2017-12-03,48,0.961222127327219,12,2018
6,HK,2017-49,2017-12-10,49,1.16383864656134,12,2018
7,HK,2017-50,2017-12-17,50,1.45071733130275,12,2018
8,HK,2017-51,2017-12-24,51,1.97097479291162,12,2018
9,HK,2017-52,2017-12-31,52,2.97616244467139,12,2018
10,HK,2018-1,2018-01-07,1,5.7816495018076,1,2018
11,HK,2018-2,2018-01-14,2,9.33386002600999,1,2018
12,HK,2018-3,2018-01-21,3,16.0188720770562,1,2018
13,HK,2018-4,2018-01-28,4,19.7016084823002,1,2018
14,HK,2018-5,2018-02-04,5,17.8433529122692,2,2018
15,HK,2018-6,2018-02-11,6,16.7650303182113,2,2018
16,HK,2018-7,2018-02-18,7,9.64899410531038,2,2018
17,HK,2018-8,2018-02-25,8,14.7566448517265,2,2018
18,HK,2018-9,2018-03-04,9,9.82095527858049,3,2018
19,HK,2018-10,2018-03-11,10,6.68209278182888,3,2018
20,HK,2018-11,2018-03-18,11,5.81138376413966,3,2018
21,HK,2018-12,2018-03-25,12,3.97738469264748,3,2018
22,HK,2018-13,2018-04-01,13,2.03726818562338,4,2018
23,HK,2018-14,2018-04-08,14,0.803369539293662,4,2018
24,HK,2018-15,2018-04-15,15,0.853490797396347,4,2018
25,HK,2018-16,2018-04-22,16,0.82655234388648,4,2018
26,HK,2018-17,2018-04-29,17,1.20238876451768,4,2018
27,HK,2018-18,2018-05-06,18,1.01823391328795,5,2018
28,HK,2018-19,2018-05-13,19,0.735003386019123,5,2018
29,HK,2018-20,2018-05-20,20,0.509624699689492,5,2018
30,HK,2018-21,2018-05-27,21,0.533985177625471,5,2018
31,HK,2018-22,2018-06-03,22,0.438036070609321,6,2018
32,HK,2018-23,2018-06-10,23,0.567631313675022,6,2018
33,HK,2018-24,2018-06-17,24,0.41069696670069,6,2018
34,HK,2018-25,2018-06-24,25,0.461469596075663,6,2018
35,HK,2018-26,2018-07-01,26,0.298223745928718,7,2018
36,HK,2018-27,2018-07-08,27,0.74166175861091,7,2018
37,HK,2018-28,2018-07-15,28,1.15009717576985,7,2018
38,HK,2018-29,2018-07-22,29,0.885180771625362,7,2018
39,HK,2018-30,2018-07-29,30,0.550153724356211,7,2018
40,HK,2018-31,2018-08-05,31,0.304838644065353,8,2018
41,HK,2018-32,2018-08-12,32,0.342817340236798,8,2018
42,HK,2018-33,2018-08-19,33,1.05184658911975,8,2018
43,HK,2018-34,2018-08-26,34,1.08570646436646,8,2018
44,HK,2018-35,2018-09-02,35,0.850676930578854,9,2018
45,HK,2018-36,2018-09-09,36,1.51249748587519,9,2018
46,HK,2018-37,2018-09-16,37,0.976918541835225,9,2018
47,HK,2018-38,2018-09-23,38,0.528967955678054,9,2018
48,HK,2018-39,2018-09-30,39,0.632295551273342,9,2018
49,HK,2018-40,2018-10-07,40,1.10809342748506,10,2018
50,HK,2018-41,2018-10-14,41,0.596429964040869,10,2018
51,HK,2018-42,2018-10-21,42,0.516917097011569,10,2018
52,HK,2018-43,2018-10-28,43,0.647627472041447,10,2018
1,HK,2018-44,2018-11-04,44,1.16601714373917,11,2019
2,HK,2018-45,2018-11-11,45,1.09999601450719,11,2019
3,HK,2018-46,2018-11-18,46,0.804306592305471,11,2019
4,HK,2018-47,2018-11-25,47,1.29567707300706,11,2019
5,HK,2018-48,2018-12-02,48,1.45260971138951,12,2019
6,HK,2018-49,2018-12-09,49,2.71591526344378,12,2019
7,HK,2018-50,2018-12-16,50,2.53448501246261,12,2019
8,HK,2018-51,2018-12-23,51,4.52388182408466,12,2019
9,HK,2018-52,2018-12-30,52,5.73001263309872,12,2019
10,HK,2019-1,2019-01-06,1,8.4794384413379,1,2019
11,HK,2019-2,2019-01-13,2,12.057224831083,1,2019
12,HK,2019-3,2019-01-20,3,16.3411310917302,1,2019
13,HK,2019-4,2019-01-27,4,15.9087823084065,1,2019
14,HK,2019-5,2019-02-03,5,8.78565843204264,2,2019
15,HK,2019-6,2019-02-10,6,4.46006608075271,2,2019
16,HK,2019-7,2019-02-17,7,4.59823649304047,2,2019
17,HK,2019-8,2019-02-24,8,5.26857704098409,2,2019
18,HK,2019-9,2019-03-03,9,6.34672215305178,3,2019
19,HK,2019-10,2019-03-10,10,5.35246353520371,3,2019
20,HK,2019-11,2019-03-17,11,4.69012761480917,3,2019
21,HK,2019-12,2019-03-24,12,3.72312161785846,3,2019
22,HK,2019-13,2019-03-31,13,2.9675885805107,3,2019
23,HK,2019-14,2019-04-07,14,2.13154040972633,4,2019
24,HK,2019-15,2019-04-14,15,1.45428860726916,4,2019
25,HK,2019-16,2019-04-21,16,1.60799263405138,4,2019
26,HK,2019-17,2019-04-28,17,1.78462433805699,4,2019
27,HK,2019-18,2019-05-05,18,1.67533545370662,5,2019
28,HK,2019-19,2019-05-12,19,0.942976605873495,5,2019
29,HK,2019-20,2019-05-19,20,1.81415899035096,5,2019
30,HK,2019-21,2019-05-26,21,2.7074225625495,5,2019
31,HK,2019-22,2019-06-02,22,2.27247690944955,6,2019
32,HK,2019-23,2019-06-09,23,1.58802638254693,6,2019
33,HK,2019-24,2019-06-16,24,2.80947219756509,6,2019
34,HK,2019-25,2019-06-23,25,2.58003376199879,6,2019
35,HK,2019-26,2019-06-30,26,2.57111359019532,6,2019
36,HK,2019-27,2019-07-07,27,4.2849344978166,7,2019
37,HK,2019-28,2019-07-14,28,4.24677579754679,7,2019
